Axes,Series,Index,X,Y,Z
RespuestaDeLazoCerrado_Planta_ControladorPID,Tyreus-Luyben,1,0,0,
RespuestaDeLazoCerrado_Planta_ControladorPID,Tyreus-Luyben,2,2.5e-09,0,
RespuestaDeLazoCerrado_Planta_ControladorPID,Tyreus-Luyben,3,1.298385027e-05,0,
RespuestaDeLazoCerrado_Planta_ControladorPID,Tyreus-Luyben,4,2.596770054e-05,0,
RespuestaDeLazoCerrado_Planta_ControladorPID,Tyreus-Luyben,5,3.895155081e-05,0,
RespuestaDeLazoCerrado_Planta_ControladorPID,Tyreus-Luyben,6,5.193540108e-05,0,
RespuestaDeLazoCerrado_Planta_ControladorPID,Tyreus-Luyben,7,6.491925135e-05,0,
RespuestaDeLazoCerrado_Planta_ControladorPID,Tyreus-Luyben,8,7.790310161e-05,0,
RespuestaDeLazoCerrado_Planta_ControladorPID,Tyreus-Luyben,9,9.088695188e-05,0,
RespuestaDeLazoCerrado_Planta_ControladorPID,Tyreus-Luyben,10,9.99975e-05,0,
RespuestaDeLazoCerrado_Planta_ControladorPID,Tyreus-Luyben,11,0.0001000025,0.4533502087,
RespuestaDeLazoCerrado_Planta_ControladorPID,Tyreus-Luyben,12,0.0001038708022,0.4810120334,
RespuestaDeLazoCerrado_Planta_ControladorPID,Tyreus-Luyben,13,0.0001168546524,0.5747377567,
RespuestaDeLazoCerrado_Planta_ControladorPID,Tyreus-Luyben,14,0.0001298385027,0.6698186765,
RespuestaDeLazoCerrado_Planta_ControladorPID,Tyreus-Luyben,15,0.000142822353,0.766254612,
RespuestaDeLazoCerrado_Planta_ControladorPID,Tyreus-Luyben,16,0.0001558062032,0.8640453822,
RespuestaDeLazoCerrado_Planta_ControladorPID,Tyreus-Luyben,17,0.0001687900535,0.9631908065,
RespuestaDeLazoCerrado_Planta_ControladorPID,Tyreus-Luyben,18,0.0001817739038,1.063690704,
RespuestaDeLazoCerrado_Planta_ControladorPID,Tyreus-Luyben,19,0.000194757754,1.165544894,
RespuestaDeLazoCerrado_Planta_ControladorPID,Tyreus-Luyben,20,0.0001999975,1.207032547,
RespuestaDeLazoCerrado_Planta_ControladorPID,Tyreus-Luyben,21,0.0002000025,1.00154583,
RespuestaDeLazoCerrado_Planta_ControladorPID,Tyreus-Luyben,22,0.0002077416043,1.011407483,
RespuestaDeLazoCerrado_Planta_ControladorPID,Tyreus-Luyben,23,0.0002207254546,1.021057138,
RespuestaDeLazoCerrado_Planta_ControladorPID,Tyreus-Luyben,24,0.0002337093048,1.021845157,
RespuestaDeLazoCerrado_Planta_ControladorPID,Tyreus-Luyben,25,0.0002466931551,1.013515734,
RespuestaDeLazoCerrado_Planta_ControladorPID,Tyreus-Luyben,26,0.0002596770054,0.9958138381,
RespuestaDeLazoCerrado_Planta_ControladorPID,Tyreus-Luyben,27,0.0002726608557,0.9684820616,
RespuestaDeLazoCerrado_Planta_ControladorPID,Tyreus-Luyben,28,0.0002856447059,0.9312578273,
RespuestaDeLazoCerrado_Planta_ControladorPID,Tyreus-Luyben,29,0.0002986285562,0.8838783931,
RespuestaDeLazoCerrado_Planta_ControladorPID,Tyreus-Luyben,30,0.0002999975,0.8782804295,
RespuestaDeLazoCerrado_Planta_ControladorPID,Tyreus-Luyben,31,0.0003000025,0.971435212,
RespuestaDeLazoCerrado_Planta_ControladorPID,Tyreus-Luyben,32,0.0003116124065,0.9754563121,
RespuestaDeLazoCerrado_Planta_ControladorPID,Tyreus-Luyben,33,0.0003245962567,0.9826898078,
RespuestaDeLazoCerrado_Planta_ControladorPID,Tyreus-Luyben,34,0.000337580107,0.9937238633,
RespuestaDeLazoCerrado_Planta_ControladorPID,Tyreus-Luyben,35,0.0003505639573,1.009502933,
RespuestaDeLazoCerrado_Planta_ControladorPID,Tyreus-Luyben,36,0.0003635478075,1.030990232,
RespuestaDeLazoCerrado_Planta_ControladorPID,Tyreus-Luyben,37,0.0003765316578,1.059246876,
RespuestaDeLazoCerrado_Planta_ControladorPID,Tyreus-Luyben,38,0.0003895155081,1.095362546,
RespuestaDeLazoCerrado_Planta_ControladorPID,Tyreus-Luyben,39,0.0003999975,1.130996377,
RespuestaDeLazoCerrado_Planta_ControladorPID,Tyreus-Luyben,40,0.0004000025,1.088773751,
RespuestaDeLazoCerrado_Planta_ControladorPID,Tyreus-Luyben,41,0.0004024993583,1.091342267,
RespuestaDeLazoCerrado_Planta_ControladorPID,Tyreus-Luyben,42,0.0004154832086,1.103836237,
RespuestaDeLazoCerrado_Planta_ControladorPID,Tyreus-Luyben,43,0.0004284670589,1.114286684,
RespuestaDeLazoCerrado_Planta_ControladorPID,Tyreus-Luyben,44,0.0004414509092,1.121877009,
RespuestaDeLazoCerrado_Planta_ControladorPID,Tyreus-Luyben,45,0.0004544347594,1.125790615,
RespuestaDeLazoCerrado_Planta_ControladorPID,Tyreus-Luyben,46,0.0004674186097,1.125164305,
RespuestaDeLazoCerrado_Planta_ControladorPID,Tyreus-Luyben,47,0.00048040246,1.118792748,
RespuestaDeLazoCerrado_Planta_ControladorPID,Tyreus-Luyben,48,0.0004933863102,1.105398358,
RespuestaDeLazoCerrado_Planta_ControladorPID,Tyreus-Luyben,49,0.0005063701605,1.11346313,
RespuestaDeLazoCerrado_Planta_ControladorPID,Tyreus-Luyben,50,0.0005193540108,1.110653659,
RespuestaDeLazoCerrado_Planta_ControladorPID,Tyreus-Luyben,51,0.000532337861,1.107725124,
RespuestaDeLazoCerrado_Planta_ControladorPID,Tyreus-Luyben,52,0.0005453217113,1.105284331,
RespuestaDeLazoCerrado_Planta_ControladorPID,Tyreus-Luyben,53,0.0005583055616,1.10401544,
RespuestaDeLazoCerrado_Planta_ControladorPID,Tyreus-Luyben,54,0.0005712894118,1.104752729,
RespuestaDeLazoCerrado_Planta_ControladorPID,Tyreus-Luyben,55,0.0005842732621,1.108579569,
RespuestaDeLazoCerrado_Planta_ControladorPID,Tyreus-Luyben,56,0.0005972571124,1.111910863,
RespuestaDeLazoCerrado_Planta_ControladorPID,Tyreus-Luyben,57,0.0006102409627,1.111662301,
RespuestaDeLazoCerrado_Planta_ControladorPID,Tyreus-Luyben,58,0.0006232248129,1.113409626,
RespuestaDeLazoCerrado_Planta_ControladorPID,Tyreus-Luyben,59,0.0006362086632,1.115254663,
RespuestaDeLazoCerrado_Planta_ControladorPID,Tyreus-Luyben,60,0.0006491925135,1.116878684,
RespuestaDeLazoCerrado_Planta_ControladorPID,Tyreus-Luyben,61,0.0006621763637,1.117870087,
RespuestaDeLazoCerrado_Planta_ControladorPID,Tyreus-Luyben,62,0.000675160214,1.117621763,
RespuestaDeLazoCerrado_Planta_ControladorPID,Tyreus-Luyben,63,0.0006881440643,1.116021147,
RespuestaDeLazoCerrado_Planta_ControladorPID,Tyreus-Luyben,64,0.0007011279145,1.114706138,
RespuestaDeLazoCerrado_Planta_ControladorPID,Tyreus-Luyben,65,0.0007141117648,1.113699108,
RespuestaDeLazoCerrado_Planta_ControladorPID,Tyreus-Luyben,66,0.0007270956151,1.111960429,
RespuestaDeLazoCerrado_Planta_ControladorPID,Tyreus-Luyben,67,0.0007400794653,1.109912999,
RespuestaDeLazoCerrado_Planta_ControladorPID,Tyreus-Luyben,68,0.0007530633156,1.107685744,
RespuestaDeLazoCerrado_Planta_ControladorPID,Tyreus-Luyben,69,0.0007660471659,1.105594585,
RespuestaDeLazoCerrado_Planta_ControladorPID,Tyreus-Luyben,70,0.0007790310161,1.103898018,
RespuestaDeLazoCerrado_Planta_ControladorPID,Tyreus-Luyben,71,0.0007920148664,1.102651105,
RespuestaDeLazoCerrado_Planta_ControladorPID,Tyreus-Luyben,72,0.0008049987167,1.101204724,
RespuestaDeLazoCerrado_Planta_ControladorPID,Tyreus-Luyben,73,0.000817982567,1.099674583,
RespuestaDeLazoCerrado_Planta_ControladorPID,Tyreus-Luyben,74,0.0008309664172,1.098264071,
RespuestaDeLazoCerrado_Planta_ControladorPID,Tyreus-Luyben,75,0.0008439502675,1.09716255,
RespuestaDeLazoCerrado_Planta_ControladorPID,Tyreus-Luyben,76,0.0008569341178,1.096105846,
RespuestaDeLazoCerrado_Planta_ControladorPID,Tyreus-Luyben,77,0.000869917968,1.094944331,
RespuestaDeLazoCerrado_Planta_ControladorPID,Tyreus-Luyben,78,0.0008829018183,1.093710615,
RespuestaDeLazoCerrado_Planta_ControladorPID,Tyreus-Luyben,79,0.0008958856686,1.092437308,
RespuestaDeLazoCerrado_Planta_ControladorPID,Tyreus-Luyben,80,0.0009088695188,1.09115702,
RespuestaDeLazoCerrado_Planta_ControladorPID,Tyreus-Luyben,81,0.0009218533691,1.089868957,
RespuestaDeLazoCerrado_Planta_ControladorPID,Tyreus-Luyben,82,0.0009348372194,1.088479272,
RespuestaDeLazoCerrado_Planta_ControladorPID,Tyreus-Luyben,83,0.0009478210696,1.087011152,
RespuestaDeLazoCerrado_Planta_ControladorPID,Tyreus-Luyben,84,0.0009608049199,1.085493997,
RespuestaDeLazoCerrado_Planta_ControladorPID,Tyreus-Luyben,85,0.0009737887702,1.083957206,
RespuestaDeLazoCerrado_Planta_ControladorPID,Tyreus-Luyben,86,0.0009867726205,1.082430178,
RespuestaDeLazoCerrado_Planta_ControladorPID,Tyreus-Luyben,87,0.0009997564707,1.080929223,
RespuestaDeLazoCerrado_Planta_ControladorPID,Tyreus-Luyben,88,0.001012740321,1.079407533,
RespuestaDeLazoCerrado_Planta_ControladorPID,Tyreus-Luyben,89,0.001025724171,1.077921678,
RespuestaDeLazoCerrado_Planta_ControladorPID,Tyreus-Luyben,90,0.001038708022,1.076469893,
RespuestaDeLazoCerrado_Planta_ControladorPID,Tyreus-Luyben,91,0.001051691872,1.075050416,
RespuestaDeLazoCerrado_Planta_ControladorPID,Tyreus-Luyben,92,0.001064675722,1.073661482,
RespuestaDeLazoCerrado_Planta_ControladorPID,Tyreus-Luyben,93,0.001077659572,1.072301328,
RespuestaDeLazoCerrado_Planta_ControladorPID,Tyreus-Luyben,94,0.001090643423,1.070968191,
RespuestaDeLazoCerrado_Planta_ControladorPID,Tyreus-Luyben,95,0.001103627273,1.069669667,
RespuestaDeLazoCerrado_Planta_ControladorPID,Tyreus-Luyben,96,0.001116611123,1.068404523,
RespuestaDeLazoCerrado_Planta_ControladorPID,Tyreus-Luyben,97,0.001129594973,1.067155022,
RespuestaDeLazoCerrado_Planta_ControladorPID,Tyreus-Luyben,98,0.001142578824,1.065920383,
RespuestaDeLazoCerrado_Planta_ControladorPID,Tyreus-Luyben,99,0.001155562674,1.064699826,
RespuestaDeLazoCerrado_Planta_ControladorPID,Tyreus-Luyben,100,0.001168546524,1.063492571,
RespuestaDeLazoCerrado_Planta_ControladorPID,Tyreus-Luyben,101,0.001181530374,1.062297835,
RespuestaDeLazoCerrado_Planta_ControladorPID,Tyreus-Luyben,102,0.001194514225,1.061114838,
RespuestaDeLazoCerrado_Planta_ControladorPID,Tyreus-Luyben,103,0.001207498075,1.0599428,
RespuestaDeLazoCerrado_Planta_ControladorPID,Tyreus-Luyben,104,0.001220481925,1.058780939,
RespuestaDeLazoCerrado_Planta_ControladorPID,Tyreus-Luyben,105,0.001233465776,1.057632416,
RespuestaDeLazoCerrado_Planta_ControladorPID,Tyreus-Luyben,106,0.001246449626,1.05650341,
RespuestaDeLazoCerrado_Planta_ControladorPID,Tyreus-Luyben,107,0.001259433476,1.055393618,
RespuestaDeLazoCerrado_Planta_ControladorPID,Tyreus-Luyben,108,0.001272417326,1.05430298,
RespuestaDeLazoCerrado_Planta_ControladorPID,Tyreus-Luyben,109,0.001285401177,1.053231439,
RespuestaDeLazoCerrado_Planta_ControladorPID,Tyreus-Luyben,110,0.001298385027,1.052178938,
RespuestaDeLazoCerrado_Planta_ControladorPID,Tyreus-Luyben,111,0.001311368877,1.051145419,
RespuestaDeLazoCerrado_Planta_ControladorPID,Tyreus-Luyben,112,0.001324352727,1.050130824,
RespuestaDeLazoCerrado_Planta_ControladorPID,Tyreus-Luyben,113,0.001337336578,1.049135097,
RespuestaDeLazoCerrado_Planta_ControladorPID,Tyreus-Luyben,114,0.001350320428,1.048158179,
RespuestaDeLazoCerrado_Planta_ControladorPID,Tyreus-Luyben,115,0.001363304278,1.047200013,
RespuestaDeLazoCerrado_Planta_ControladorPID,Tyreus-Luyben,116,0.001376288129,1.046260541,
RespuestaDeLazoCerrado_Planta_ControladorPID,Tyreus-Luyben,117,0.001389271979,1.045339524,
RespuestaDeLazoCerrado_Planta_ControladorPID,Tyreus-Luyben,118,0.001402255829,1.044435838,
RespuestaDeLazoCerrado_Planta_ControladorPID,Tyreus-Luyben,119,0.001415239679,1.04354902,
RespuestaDeLazoCerrado_Planta_ControladorPID,Tyreus-Luyben,120,0.00142822353,1.042678735,
RespuestaDeLazoCerrado_Planta_ControladorPID,Tyreus-Luyben,121,0.00144120738,1.041824651,
RespuestaDeLazoCerrado_Planta_ControladorPID,Tyreus-Luyben,122,0.00145419123,1.040986432,
RespuestaDeLazoCerrado_Planta_ControladorPID,Tyreus-Luyben,123,0.00146717508,1.040163745,
RespuestaDeLazoCerrado_Planta_ControladorPID,Tyreus-Luyben,124,0.001480158931,1.039356254,
RespuestaDeLazoCerrado_Planta_ControladorPID,Tyreus-Luyben,125,0.001493142781,1.038563627,
RespuestaDeLazoCerrado_Planta_ControladorPID,Tyreus-Luyben,126,0.001506126631,1.037785528,
RespuestaDeLazoCerrado_Planta_ControladorPID,Tyreus-Luyben,127,0.001519110481,1.037021623,
RespuestaDeLazoCerrado_Planta_ControladorPID,Tyreus-Luyben,128,0.001532094332,1.036271578,
RespuestaDeLazoCerrado_Planta_ControladorPID,Tyreus-Luyben,129,0.001545078182,1.035535306,
RespuestaDeLazoCerrado_Planta_ControladorPID,Tyreus-Luyben,130,0.001558062032,1.03481377,
RespuestaDeLazoCerrado_Planta_ControladorPID,Tyreus-Luyben,131,0.001571045883,1.034106757,
RespuestaDeLazoCerrado_Planta_ControladorPID,Tyreus-Luyben,132,0.001584029733,1.033413957,
RespuestaDeLazoCerrado_Planta_ControladorPID,Tyreus-Luyben,133,0.001597013583,1.03273506,
RespuestaDeLazoCerrado_Planta_ControladorPID,Tyreus-Luyben,134,0.001609997433,1.032069758,
RespuestaDeLazoCerrado_Planta_ControladorPID,Tyreus-Luyben,135,0.001622981284,1.03141774,
RespuestaDeLazoCerrado_Planta_ControladorPID,Tyreus-Luyben,136,0.001635965134,1.030778698,
RespuestaDeLazoCerrado_Planta_ControladorPID,Tyreus-Luyben,137,0.001648948984,1.030152322,
RespuestaDeLazoCerrado_Planta_ControladorPID,Tyreus-Luyben,138,0.001661932834,1.029538302,
RespuestaDeLazoCerrado_Planta_ControladorPID,Tyreus-Luyben,139,0.001674916685,1.028936328,
RespuestaDeLazoCerrado_Planta_ControladorPID,Tyreus-Luyben,140,0.001687900535,1.028346092,
RespuestaDeLazoCerrado_Planta_ControladorPID,Tyreus-Luyben,141,0.001700884385,1.027767284,
RespuestaDeLazoCerrado_Planta_ControladorPID,Tyreus-Luyben,142,0.001713868236,1.027199594,
RespuestaDeLazoCerrado_Planta_ControladorPID,Tyreus-Luyben,143,0.001726852086,1.026642714,
RespuestaDeLazoCerrado_Planta_ControladorPID,Tyreus-Luyben,144,0.001739835936,1.026096378,
RespuestaDeLazoCerrado_Planta_ControladorPID,Tyreus-Luyben,145,0.001752819786,1.025561164,
RespuestaDeLazoCerrado_Planta_ControladorPID,Tyreus-Luyben,146,0.001765803637,1.025037109,
RespuestaDeLazoCerrado_Planta_ControladorPID,Tyreus-Luyben,147,0.001778787487,1.024523957,
RespuestaDeLazoCerrado_Planta_ControladorPID,Tyreus-Luyben,148,0.001791771337,1.024021451,
RespuestaDeLazoCerrado_Planta_ControladorPID,Tyreus-Luyben,149,0.001804755187,1.023529336,
RespuestaDeLazoCerrado_Planta_ControladorPID,Tyreus-Luyben,150,0.001817739038,1.023047356,
RespuestaDeLazoCerrado_Planta_ControladorPID,Tyreus-Luyben,151,0.001830722888,1.022575255,
RespuestaDeLazoCerrado_Planta_ControladorPID,Tyreus-Luyben,152,0.001843706738,1.022112779,
RespuestaDeLazoCerrado_Planta_ControladorPID,Tyreus-Luyben,153,0.001856690588,1.02165967,
RespuestaDeLazoCerrado_Planta_ControladorPID,Tyreus-Luyben,154,0.001869674439,1.021215674,
RespuestaDeLazoCerrado_Planta_ControladorPID,Tyreus-Luyben,155,0.001882658289,1.020780535,
RespuestaDeLazoCerrado_Planta_ControladorPID,Tyreus-Luyben,156,0.001895642139,1.020353996,
RespuestaDeLazoCerrado_Planta_ControladorPID,Tyreus-Luyben,157,0.00190862599,1.019935803,
RespuestaDeLazoCerrado_Planta_ControladorPID,Tyreus-Luyben,158,0.00192160984,1.019525698,
RespuestaDeLazoCerrado_Planta_ControladorPID,Tyreus-Luyben,159,0.00193459369,1.019123428,
RespuestaDeLazoCerrado_Planta_ControladorPID,Tyreus-Luyben,160,0.001991134321,1.017466811,
RespuestaDeLazoCerrado_Planta_ControladorPID,Tyreus-Luyben,161,0.002047674952,1.015956093,
RespuestaDeLazoCerrado_Planta_ControladorPID,Tyreus-Luyben,162,0.002104215583,1.014575122,
RespuestaDeLazoCerrado_Planta_ControladorPID,Tyreus-Luyben,163,0.002160756214,1.013309604,
RespuestaDeLazoCerrado_Planta_ControladorPID,Tyreus-Luyben,164,0.002217296845,1.012155364,
RespuestaDeLazoCerrado_Planta_ControladorPID,Tyreus-Luyben,165,0.002273837476,1.011102031,
RespuestaDeLazoCerrado_Planta_ControladorPID,Tyreus-Luyben,166,0.002330378107,1.010138039,
RespuestaDeLazoCerrado_Planta_ControladorPID,Tyreus-Luyben,167,0.002386918738,1.009258089,
RespuestaDeLazoCerrado_Planta_ControladorPID,Tyreus-Luyben,168,0.002443459369,1.008455659,
RespuestaDeLazoCerrado_Planta_ControladorPID,Tyreus-Luyben,169,0.0025,1.007721978,
RespuestaDeLazoCerrado_Planta_ControladorPID,Cohen-Coon,1,0,0,
RespuestaDeLazoCerrado_Planta_ControladorPID,Cohen-Coon,2,2.5e-09,0,
RespuestaDeLazoCerrado_Planta_ControladorPID,Cohen-Coon,3,7.40059012e-06,0,
RespuestaDeLazoCerrado_Planta_ControladorPID,Cohen-Coon,4,1.480118024e-05,0,
RespuestaDeLazoCerrado_Planta_ControladorPID,Cohen-Coon,5,2.220177036e-05,0,
RespuestaDeLazoCerrado_Planta_ControladorPID,Cohen-Coon,6,2.960236048e-05,0,
RespuestaDeLazoCerrado_Planta_ControladorPID,Cohen-Coon,7,3.70029506e-05,0,
RespuestaDeLazoCerrado_Planta_ControladorPID,Cohen-Coon,8,4.440354072e-05,0,
RespuestaDeLazoCerrado_Planta_ControladorPID,Cohen-Coon,9,5.180413084e-05,0,
RespuestaDeLazoCerrado_Planta_ControladorPID,Cohen-Coon,10,5.920472096e-05,0,
RespuestaDeLazoCerrado_Planta_ControladorPID,Cohen-Coon,11,6.660531108e-05,0,
RespuestaDeLazoCerrado_Planta_ControladorPID,Cohen-Coon,12,7.40059012e-05,0,
RespuestaDeLazoCerrado_Planta_ControladorPID,Cohen-Coon,13,8.140649132e-05,0,
RespuestaDeLazoCerrado_Planta_ControladorPID,Cohen-Coon,14,8.880708144e-05,0,
RespuestaDeLazoCerrado_Planta_ControladorPID,Cohen-Coon,15,9.620767156e-05,0,
RespuestaDeLazoCerrado_Planta_ControladorPID,Cohen-Coon,16,9.99975e-05,0,
RespuestaDeLazoCerrado_Planta_ControladorPID,Cohen-Coon,17,0.0001000025,0.4848846437,
RespuestaDeLazoCerrado_Planta_ControladorPID,Cohen-Coon,18,0.0001036082617,0.5333047001,
RespuestaDeLazoCerrado_Planta_ControladorPID,Cohen-Coon,19,0.0001110088518,0.6348854363,
RespuestaDeLazoCerrado_Planta_ControladorPID,Cohen-Coon,20,0.0001184094419,0.7394268479,
RespuestaDeLazoCerrado_Planta_ControladorPID,Cohen-Coon,21,0.000125810032,0.84692871,
RespuestaDeLazoCerrado_Planta_ControladorPID,Cohen-Coon,22,0.0001332106222,0.9573907973,
RespuestaDeLazoCerrado_Planta_ControladorPID,Cohen-Coon,23,0.0001406112123,1.070812885,
RespuestaDeLazoCerrado_Planta_ControladorPID,Cohen-Coon,24,0.0001480118024,1.187194747,
RespuestaDeLazoCerrado_Planta_ControladorPID,Cohen-Coon,25,0.0001554123925,1.30653616,
RespuestaDeLazoCerrado_Planta_ControladorPID,Cohen-Coon,26,0.0001628129826,1.428836897,
RespuestaDeLazoCerrado_Planta_ControladorPID,Cohen-Coon,27,0.0001702135728,1.554096734,
RespuestaDeLazoCerrado_Planta_ControladorPID,Cohen-Coon,28,0.0001776141629,1.682315446,
RespuestaDeLazoCerrado_Planta_ControladorPID,Cohen-Coon,29,0.000185014753,1.813492807,
RespuestaDeLazoCerrado_Planta_ControladorPID,Cohen-Coon,30,0.0001924153431,1.947628592,
RespuestaDeLazoCerrado_Planta_ControladorPID,Cohen-Coon,31,0.0001998159332,2.084722577,
RespuestaDeLazoCerrado_Planta_ControladorPID,Cohen-Coon,32,0.0001999975,2.08812323,
RespuestaDeLazoCerrado_Planta_ControladorPID,Cohen-Coon,33,0.0002000025,1.853103786,
RespuestaDeLazoCerrado_Planta_ControladorPID,Cohen-Coon,34,0.0002072165234,1.890347893,
RespuestaDeLazoCerrado_Planta_ControladorPID,Cohen-Coon,35,0.0002146171135,1.91848989,
RespuestaDeLazoCerrado_Planta_ControladorPID,Cohen-Coon,36,0.0002220177036,1.935819965,
RespuestaDeLazoCerrado_Planta_ControladorPID,Cohen-Coon,37,0.0002294182937,1.941714756,
RespuestaDeLazoCerrado_Planta_ControladorPID,Cohen-Coon,38,0.0002368188838,1.935550897,
RespuestaDeLazoCerrado_Planta_ControladorPID,Cohen-Coon,39,0.000244219474,1.916705027,
RespuestaDeLazoCerrado_Planta_ControladorPID,Cohen-Coon,40,0.0002516200641,1.884555771,
RespuestaDeLazoCerrado_Planta_ControladorPID,Cohen-Coon,41,0.0002590206542,1.838507177,
RespuestaDeLazoCerrado_Planta_ControladorPID,Cohen-Coon,42,0.0002664212443,1.777899754,
RespuestaDeLazoCerrado_Planta_ControladorPID,Cohen-Coon,43,0.0002738218344,1.702051174,
RespuestaDeLazoCerrado_Planta_ControladorPID,Cohen-Coon,44,0.0002812224246,1.61027911,
RespuestaDeLazoCerrado_Planta_ControladorPID,Cohen-Coon,45,0.0002886230147,1.501901234,
RespuestaDeLazoCerrado_Planta_ControladorPID,Cohen-Coon,46,0.0002960236048,1.37623522,
RespuestaDeLazoCerrado_Planta_ControladorPID,Cohen-Coon,47,0.0002999975,1.301384218,
RespuestaDeLazoCerrado_Planta_ControladorPID,Cohen-Coon,48,0.0003000025,1.415289471,
RespuestaDeLazoCerrado_Planta_ControladorPID,Cohen-Coon,49,0.0003034241949,1.380513844,
RespuestaDeLazoCerrado_Planta_ControladorPID,Cohen-Coon,50,0.000310824785,1.304213162,
RespuestaDeLazoCerrado_Planta_ControladorPID,Cohen-Coon,51,0.0003182253752,1.227556327,
RespuestaDeLazoCerrado_Planta_ControladorPID,Cohen-Coon,52,0.0003256259653,1.151919743,
RespuestaDeLazoCerrado_Planta_ControladorPID,Cohen-Coon,53,0.0003330265554,1.078679816,
RespuestaDeLazoCerrado_Planta_ControladorPID,Cohen-Coon,54,0.0003404271455,1.009214577,
RespuestaDeLazoCerrado_Planta_ControladorPID,Cohen-Coon,55,0.0003478277356,0.9450349034,
RespuestaDeLazoCerrado_Planta_ControladorPID,Cohen-Coon,56,0.0003552283258,0.8879459905,
RespuestaDeLazoCerrado_Planta_ControladorPID,Cohen-Coon,57,0.0003626289159,0.8398004579,
RespuestaDeLazoCerrado_Planta_ControladorPID,Cohen-Coon,58,0.000370029506,0.8024516997,
RespuestaDeLazoCerrado_Planta_ControladorPID,Cohen-Coon,59,0.0003774300961,0.7778864934,
RespuestaDeLazoCerrado_Planta_ControladorPID,Cohen-Coon,60,0.0003848306862,0.7683024964,
RespuestaDeLazoCerrado_Planta_ControladorPID,Cohen-Coon,61,0.0003922312764,0.7759410591,
RespuestaDeLazoCerrado_Planta_ControladorPID,Cohen-Coon,62,0.0003996318665,0.8032062345,
RespuestaDeLazoCerrado_Planta_ControladorPID,Cohen-Coon,63,0.0003999975,0.8051055373,
RespuestaDeLazoCerrado_Planta_ControladorPID,Cohen-Coon,64,0.0004000025,0.7498537077,
RespuestaDeLazoCerrado_Planta_ControladorPID,Cohen-Coon,65,0.0004070324566,0.7474302957,
RespuestaDeLazoCerrado_Planta_ControladorPID,Cohen-Coon,66,0.0004144330467,0.7516990811,
RespuestaDeLazoCerrado_Planta_ControladorPID,Cohen-Coon,67,0.0004218336368,0.7626016878,
RespuestaDeLazoCerrado_Planta_ControladorPID,Cohen-Coon,68,0.000429234227,0.7795647374,
RespuestaDeLazoCerrado_Planta_ControladorPID,Cohen-Coon,69,0.0004366348171,0.8019147955,
RespuestaDeLazoCerrado_Planta_ControladorPID,Cohen-Coon,70,0.0004440354072,0.8288534696,
RespuestaDeLazoCerrado_Planta_ControladorPID,Cohen-Coon,71,0.0004514359973,0.8591534354,
RespuestaDeLazoCerrado_Planta_ControladorPID,Cohen-Coon,72,0.0004588365874,0.8914757375,
RespuestaDeLazoCerrado_Planta_ControladorPID,Cohen-Coon,73,0.0004662371776,0.9242241878,
RespuestaDeLazoCerrado_Planta_ControladorPID,Cohen-Coon,74,0.0004736377677,0.9554345638,
RespuestaDeLazoCerrado_Planta_ControladorPID,Cohen-Coon,75,0.0004810383578,0.9830322591,
RespuestaDeLazoCerrado_Planta_ControladorPID,Cohen-Coon,76,0.0004884389479,1.004461859,
RespuestaDeLazoCerrado_Planta_ControladorPID,Cohen-Coon,77,0.0004958395381,1.016917835,
RespuestaDeLazoCerrado_Planta_ControladorPID,Cohen-Coon,78,0.0005032401282,1.057129103,
RespuestaDeLazoCerrado_Planta_ControladorPID,Cohen-Coon,79,0.0005106407183,1.081647757,
RespuestaDeLazoCerrado_Planta_ControladorPID,Cohen-Coon,80,0.0005180413084,1.10318444,
RespuestaDeLazoCerrado_Planta_ControladorPID,Cohen-Coon,81,0.0005254418985,1.121280899,
RespuestaDeLazoCerrado_Planta_ControladorPID,Cohen-Coon,82,0.0005328424887,1.135613114,
RespuestaDeLazoCerrado_Planta_ControladorPID,Cohen-Coon,83,0.0005402430788,1.145927176,
RespuestaDeLazoCerrado_Planta_ControladorPID,Cohen-Coon,84,0.0005476436689,1.15218897,
RespuestaDeLazoCerrado_Planta_ControladorPID,Cohen-Coon,85,0.000555044259,1.154613547,
RespuestaDeLazoCerrado_Planta_ControladorPID,Cohen-Coon,86,0.0005624448491,1.153607983,
RespuestaDeLazoCerrado_Planta_ControladorPID,Cohen-Coon,87,0.0005698454393,1.149885813,
RespuestaDeLazoCerrado_Planta_ControladorPID,Cohen-Coon,88,0.0005772460294,1.144517906,
RespuestaDeLazoCerrado_Planta_ControladorPID,Cohen-Coon,89,0.0005846466195,1.138802155,
RespuestaDeLazoCerrado_Planta_ControladorPID,Cohen-Coon,90,0.0005920472096,1.134688108,
RespuestaDeLazoCerrado_Planta_ControladorPID,Cohen-Coon,91,0.0005994477997,1.134913676,
RespuestaDeLazoCerrado_Planta_ControladorPID,Cohen-Coon,92,0.0006068483899,1.108972232,
RespuestaDeLazoCerrado_Planta_ControladorPID,Cohen-Coon,93,0.00061424898,1.094094004,
RespuestaDeLazoCerrado_Planta_ControladorPID,Cohen-Coon,94,0.0006216495701,1.078378206,
RespuestaDeLazoCerrado_Planta_ControladorPID,Cohen-Coon,95,0.0006290501602,1.06229137,
RespuestaDeLazoCerrado_Planta_ControladorPID,Cohen-Coon,96,0.0006364507503,1.046297074,
RespuestaDeLazoCerrado_Planta_ControladorPID,Cohen-Coon,97,0.0006438513405,1.030839524,
RespuestaDeLazoCerrado_Planta_ControladorPID,Cohen-Coon,98,0.0006512519306,1.016236823,
RespuestaDeLazoCerrado_Planta_ControladorPID,Cohen-Coon,99,0.0006586525207,1.002718497,
RespuestaDeLazoCerrado_Planta_ControladorPID,Cohen-Coon,100,0.0006660531108,0.990344667,
RespuestaDeLazoCerrado_Planta_ControladorPID,Cohen-Coon,101,0.0006734537009,0.9789728247,
RespuestaDeLazoCerrado_Planta_ControladorPID,Cohen-Coon,102,0.0006808542911,0.9681704214,
RespuestaDeLazoCerrado_Planta_ControladorPID,Cohen-Coon,103,0.0006882548812,0.9572768313,
RespuestaDeLazoCerrado_Planta_ControladorPID,Cohen-Coon,104,0.0006956554713,0.9450781615,
RespuestaDeLazoCerrado_Planta_ControladorPID,Cohen-Coon,105,0.0007030560614,0.9406131135,
RespuestaDeLazoCerrado_Planta_ControladorPID,Cohen-Coon,106,0.0007104566515,0.9359062496,
RespuestaDeLazoCerrado_Planta_ControladorPID,Cohen-Coon,107,0.0007178572417,0.9328879794,
RespuestaDeLazoCerrado_Planta_ControladorPID,Cohen-Coon,108,0.0007252578318,0.9314557858,
RespuestaDeLazoCerrado_Planta_ControladorPID,Cohen-Coon,109,0.0007326584219,0.9314708908,
RespuestaDeLazoCerrado_Planta_ControladorPID,Cohen-Coon,110,0.000740059012,0.9327468925,
RespuestaDeLazoCerrado_Planta_ControladorPID,Cohen-Coon,111,0.0007474596021,0.9350894375,
RespuestaDeLazoCerrado_Planta_ControladorPID,Cohen-Coon,112,0.0007548601923,0.938327259,
RespuestaDeLazoCerrado_Planta_ControladorPID,Cohen-Coon,113,0.0007622607824,0.9423222124,
RespuestaDeLazoCerrado_Planta_ControladorPID,Cohen-Coon,114,0.0007696613725,0.9470107962,
RespuestaDeLazoCerrado_Planta_ControladorPID,Cohen-Coon,115,0.0007770619626,0.9524790471,
RespuestaDeLazoCerrado_Planta_ControladorPID,Cohen-Coon,116,0.0007844625527,0.9589300775,
RespuestaDeLazoCerrado_Planta_ControladorPID,Cohen-Coon,117,0.0007918631429,0.9669257331,
RespuestaDeLazoCerrado_Planta_ControladorPID,Cohen-Coon,118,0.000799263733,0.9761509288,
RespuestaDeLazoCerrado_Planta_ControladorPID,Cohen-Coon,119,0.0008066643231,0.9817046309,
RespuestaDeLazoCerrado_Planta_ControladorPID,Cohen-Coon,120,0.0008140649132,0.9886382736,
RespuestaDeLazoCerrado_Planta_ControladorPID,Cohen-Coon,121,0.0008214655033,0.9952697975,
RespuestaDeLazoCerrado_Planta_ControladorPID,Cohen-Coon,122,0.0008288660935,1.001507279,
RespuestaDeLazoCerrado_Planta_ControladorPID,Cohen-Coon,123,0.0008362666836,1.007288749,
RespuestaDeLazoCerrado_Planta_ControladorPID,Cohen-Coon,124,0.0008436672737,1.012584396,
RespuestaDeLazoCerrado_Planta_ControladorPID,Cohen-Coon,125,0.0008510678638,1.017370967,
RespuestaDeLazoCerrado_Planta_ControladorPID,Cohen-Coon,126,0.0008584684539,1.021630137,
RespuestaDeLazoCerrado_Planta_ControladorPID,Cohen-Coon,127,0.0008658690441,1.025327165,
RespuestaDeLazoCerrado_Planta_ControladorPID,Cohen-Coon,128,0.0008732696342,1.028378062,
RespuestaDeLazoCerrado_Planta_ControladorPID,Cohen-Coon,129,0.0008806702243,1.030626126,
RespuestaDeLazoCerrado_Planta_ControladorPID,Cohen-Coon,130,0.0008880708144,1.031770556,
RespuestaDeLazoCerrado_Planta_ControladorPID,Cohen-Coon,131,0.0008954714045,1.031333662,
RespuestaDeLazoCerrado_Planta_ControladorPID,Cohen-Coon,132,0.0009028719947,1.031303999,
RespuestaDeLazoCerrado_Planta_ControladorPID,Cohen-Coon,133,0.0009102725848,1.030570871,
RespuestaDeLazoCerrado_Planta_ControladorPID,Cohen-Coon,134,0.0009176731749,1.029256605,
RespuestaDeLazoCerrado_Planta_ControladorPID,Cohen-Coon,135,0.000925073765,1.027481583,
RespuestaDeLazoCerrado_Planta_ControladorPID,Cohen-Coon,136,0.0009324743551,1.025303703,
RespuestaDeLazoCerrado_Planta_ControladorPID,Cohen-Coon,137,0.0009398749453,1.022771351,
RespuestaDeLazoCerrado_Planta_ControladorPID,Cohen-Coon,138,0.0009472755354,1.01992794,
RespuestaDeLazoCerrado_Planta_ControladorPID,Cohen-Coon,139,0.0009546761255,1.016818758,
RespuestaDeLazoCerrado_Planta_ControladorPID,Cohen-Coon,140,0.0009620767156,1.013491968,
RespuestaDeLazoCerrado_Planta_ControladorPID,Cohen-Coon,141,0.0009694773057,1.010020464,
RespuestaDeLazoCerrado_Planta_ControladorPID,Cohen-Coon,142,0.0009768778959,1.006512639,
RespuestaDeLazoCerrado_Planta_ControladorPID,Cohen-Coon,143,0.000984278486,1.003143161,
RespuestaDeLazoCerrado_Planta_ControladorPID,Cohen-Coon,144,0.0009916790761,1.000209303,
RespuestaDeLazoCerrado_Planta_ControladorPID,Cohen-Coon,145,0.0009990796662,0.9979268076,
RespuestaDeLazoCerrado_Planta_ControladorPID,Cohen-Coon,146,0.001006480256,0.9949304385,
RespuestaDeLazoCerrado_Planta_ControladorPID,Cohen-Coon,147,0.001013880846,0.9925553648,
RespuestaDeLazoCerrado_Planta_ControladorPID,Cohen-Coon,148,0.001021281437,0.9904594487,
RespuestaDeLazoCerrado_Planta_ControladorPID,Cohen-Coon,149,0.001028682027,0.988663099,
RespuestaDeLazoCerrado_Planta_ControladorPID,Cohen-Coon,150,0.001036082617,0.9871859013,
RespuestaDeLazoCerrado_Planta_ControladorPID,Cohen-Coon,151,0.001043483207,0.9860482637,
RespuestaDeLazoCerrado_Planta_ControladorPID,Cohen-Coon,152,0.001050883797,0.9852675052,
RespuestaDeLazoCerrado_Planta_ControladorPID,Cohen-Coon,153,0.001058284387,0.9848560836,
RespuestaDeLazoCerrado_Planta_ControladorPID,Cohen-Coon,154,0.001065684977,0.9848188266,
RespuestaDeLazoCerrado_Planta_ControladorPID,Cohen-Coon,155,0.001073085567,0.9851326829,
RespuestaDeLazoCerrado_Planta_ControladorPID,Cohen-Coon,156,0.001080486158,0.9857533198,
RespuestaDeLazoCerrado_Planta_ControladorPID,Cohen-Coon,157,0.001087886748,0.9865549811,
RespuestaDeLazoCerrado_Planta_ControladorPID,Cohen-Coon,158,0.001095287338,0.987343044,
RespuestaDeLazoCerrado_Planta_ControladorPID,Cohen-Coon,159,0.001102687928,0.9884741428,
RespuestaDeLazoCerrado_Planta_ControladorPID,Cohen-Coon,160,0.001154440227,0.998931783,
RespuestaDeLazoCerrado_Planta_ControladorPID,Cohen-Coon,161,0.001206192526,1.006136182,
RespuestaDeLazoCerrado_Planta_ControladorPID,Cohen-Coon,162,0.001257944825,1.006095197,
RespuestaDeLazoCerrado_Planta_ControladorPID,Cohen-Coon,163,0.001309697124,1.001593614,
RespuestaDeLazoCerrado_Planta_ControladorPID,Cohen-Coon,164,0.001361449423,0.9976065524,
RespuestaDeLazoCerrado_Planta_ControladorPID,Cohen-Coon,165,0.001413201722,0.9968711361,
RespuestaDeLazoCerrado_Planta_ControladorPID,Cohen-Coon,166,0.001464954021,0.9987201092,
RespuestaDeLazoCerrado_Planta_ControladorPID,Cohen-Coon,167,0.00151670632,1.000824319,
RespuestaDeLazoCerrado_Planta_ControladorPID,Cohen-Coon,168,0.001568458619,1.001529404,
RespuestaDeLazoCerrado_Planta_ControladorPID,Cohen-Coon,169,0.001620210918,1.000838586,
RespuestaDeLazoCerrado_Planta_ControladorPID,Cohen-Coon,170,0.001671963217,0.9997905475,
RespuestaDeLazoCerrado_Planta_ControladorPID,Cohen-Coon,171,0.001723715516,0.9992939889,
RespuestaDeLazoCerrado_Planta_ControladorPID,Cohen-Coon,172,0.001775467814,0.9995043174,
RespuestaDeLazoCerrado_Planta_ControladorPID,Cohen-Coon,173,0.001827220113,1.000000107,
RespuestaDeLazoCerrado_Planta_ControladorPID,Cohen-Coon,174,0.001878972412,1.000309499,
RespuestaDeLazoCerrado_Planta_ControladorPID,Cohen-Coon,175,0.001930724711,1.00027496,
RespuestaDeLazoCerrado_Planta_ControladorPID,Cohen-Coon,176,0.00198247701,1.000050773,
RespuestaDeLazoCerrado_Planta_ControladorPID,Cohen-Coon,177,0.002034229309,0.9998733319,
RespuestaDeLazoCerrado_Planta_ControladorPID,Cohen-Coon,178,0.002085981608,0.9998559443,
RespuestaDeLazoCerrado_Planta_ControladorPID,Cohen-Coon,179,0.002137733907,0.9999512637,
RespuestaDeLazoCerrado_Planta_ControladorPID,Cohen-Coon,180,0.002189486206,1.000046614,
RespuestaDeLazoCerrado_Planta_ControladorPID,Cohen-Coon,181,0.002241238505,1.00007172,
RespuestaDeLazoCerrado_Planta_ControladorPID,Cohen-Coon,182,0.002292990804,1.000034549,
RespuestaDeLazoCerrado_Planta_ControladorPID,Cohen-Coon,183,0.002344743103,0.9999858837,
RespuestaDeLazoCerrado_Planta_ControladorPID,Cohen-Coon,184,0.002396495402,0.9999659035,
RespuestaDeLazoCerrado_Planta_ControladorPID,Cohen-Coon,185,0.002448247701,0.9999785246,
RespuestaDeLazoCerrado_Planta_ControladorPID,Cohen-Coon,186,0.0025,1.000002214,
RespuestaDeLazoCerrado_Planta_ControladorPID,ZN Lazo Cerrado,1,0,0,
RespuestaDeLazoCerrado_Planta_ControladorPID,ZN Lazo Cerrado,2,2.5e-09,0,
RespuestaDeLazoCerrado_Planta_ControladorPID,ZN Lazo Cerrado,3,9.051463084e-06,0,
RespuestaDeLazoCerrado_Planta_ControladorPID,ZN Lazo Cerrado,4,1.810292617e-05,0,
RespuestaDeLazoCerrado_Planta_ControladorPID,ZN Lazo Cerrado,5,2.715438925e-05,0,
RespuestaDeLazoCerrado_Planta_ControladorPID,ZN Lazo Cerrado,6,3.620585234e-05,0,
RespuestaDeLazoCerrado_Planta_ControladorPID,ZN Lazo Cerrado,7,4.525731542e-05,0,
RespuestaDeLazoCerrado_Planta_ControladorPID,ZN Lazo Cerrado,8,5.430877851e-05,0,
RespuestaDeLazoCerrado_Planta_ControladorPID,ZN Lazo Cerrado,9,6.336024159e-05,0,
RespuestaDeLazoCerrado_Planta_ControladorPID,ZN Lazo Cerrado,10,7.241170467e-05,0,
RespuestaDeLazoCerrado_Planta_ControladorPID,ZN Lazo Cerrado,11,8.146316776e-05,0,
RespuestaDeLazoCerrado_Planta_ControladorPID,ZN Lazo Cerrado,12,9.051463084e-05,0,
RespuestaDeLazoCerrado_Planta_ControladorPID,ZN Lazo Cerrado,13,9.956609393e-05,0,
RespuestaDeLazoCerrado_Planta_ControladorPID,ZN Lazo Cerrado,14,9.99975e-05,0,
RespuestaDeLazoCerrado_Planta_ControladorPID,ZN Lazo Cerrado,15,0.0001000025,0.4712625489,
RespuestaDeLazoCerrado_Planta_ControladorPID,ZN Lazo Cerrado,16,0.000108617557,0.5541619482,
RespuestaDeLazoCerrado_Planta_ControladorPID,ZN Lazo Cerrado,17,0.0001176690201,0.6450203755,
RespuestaDeLazoCerrado_Planta_ControladorPID,ZN Lazo Cerrado,18,0.0001267204832,0.7397309822,
RespuestaDeLazoCerrado_Planta_ControladorPID,ZN Lazo Cerrado,19,0.0001357719463,0.8382934101,
RespuestaDeLazoCerrado_Planta_ControladorPID,ZN Lazo Cerrado,20,0.0001448234093,0.940707301,
RespuestaDeLazoCerrado_Planta_ControladorPID,ZN Lazo Cerrado,21,0.0001538748724,1.046972297,
RespuestaDeLazoCerrado_Planta_ControladorPID,ZN Lazo Cerrado,22,0.0001629263355,1.157088039,
RespuestaDeLazoCerrado_Planta_ControladorPID,ZN Lazo Cerrado,23,0.0001719777986,1.271054169,
RespuestaDeLazoCerrado_Planta_ControladorPID,ZN Lazo Cerrado,24,0.0001810292617,1.388870329,
RespuestaDeLazoCerrado_Planta_ControladorPID,ZN Lazo Cerrado,25,0.0001900807248,1.51053616,
RespuestaDeLazoCerrado_Planta_ControladorPID,ZN Lazo Cerrado,26,0.0001991321879,1.636051305,
RespuestaDeLazoCerrado_Planta_ControladorPID,ZN Lazo Cerrado,27,0.0001999975,1.648252018,
RespuestaDeLazoCerrado_Planta_ControladorPID,ZN Lazo Cerrado,28,0.0002000025,1.42623423,
RespuestaDeLazoCerrado_Planta_ControladorPID,ZN Lazo Cerrado,29,0.0002081836509,1.466181682,
RespuestaDeLazoCerrado_Planta_ControladorPID,ZN Lazo Cerrado,30,0.000217235114,1.503103037,
RespuestaDeLazoCerrado_Planta_ControladorPID,ZN Lazo Cerrado,31,0.0002262865771,1.531692529,
RespuestaDeLazoCerrado_Planta_ControladorPID,ZN Lazo Cerrado,32,0.0002353380402,1.551238654,
RespuestaDeLazoCerrado_Planta_ControladorPID,ZN Lazo Cerrado,33,0.0002443895033,1.561029906,
RespuestaDeLazoCerrado_Planta_ControladorPID,ZN Lazo Cerrado,34,0.0002534409664,1.560359476,
RespuestaDeLazoCerrado_Planta_ControladorPID,ZN Lazo Cerrado,35,0.0002624924294,1.548537732,
RespuestaDeLazoCerrado_Planta_ControladorPID,ZN Lazo Cerrado,36,0.0002715438925,1.524789304,
RespuestaDeLazoCerrado_Planta_ControladorPID,ZN Lazo Cerrado,37,0.0002805953556,1.48832112,
RespuestaDeLazoCerrado_Planta_ControladorPID,ZN Lazo Cerrado,38,0.0002896468187,1.438340112,
RespuestaDeLazoCerrado_Planta_ControladorPID,ZN Lazo Cerrado,39,0.0002986982818,1.37405321,
RespuestaDeLazoCerrado_Planta_ControladorPID,ZN Lazo Cerrado,40,0.0002999975,1.363605085,
RespuestaDeLazoCerrado_Planta_ControladorPID,ZN Lazo Cerrado,41,0.0003000025,1.468226212,
RespuestaDeLazoCerrado_Planta_ControladorPID,ZN Lazo Cerrado,42,0.0003077497449,1.452731234,
RespuestaDeLazoCerrado_Planta_ControladorPID,ZN Lazo Cerrado,43,0.0003168012079,1.432995137,
RespuestaDeLazoCerrado_Planta_ControladorPID,ZN Lazo Cerrado,44,0.000325852671,1.412466541,
RespuestaDeLazoCerrado_Planta_ControladorPID,ZN Lazo Cerrado,45,0.0003349041341,1.392161077,
RespuestaDeLazoCerrado_Planta_ControladorPID,ZN Lazo Cerrado,46,0.0003439555972,1.373094379,
RespuestaDeLazoCerrado_Planta_ControladorPID,ZN Lazo Cerrado,47,0.0003530070603,1.356275193,
RespuestaDeLazoCerrado_Planta_ControladorPID,ZN Lazo Cerrado,48,0.0003620585234,1.342815863,
RespuestaDeLazoCerrado_Planta_ControladorPID,ZN Lazo Cerrado,49,0.0003711099865,1.334288768,
RespuestaDeLazoCerrado_Planta_ControladorPID,ZN Lazo Cerrado,50,0.0003801614495,1.332341047,
RespuestaDeLazoCerrado_Planta_ControladorPID,ZN Lazo Cerrado,51,0.0003892129126,1.338619841,
RespuestaDeLazoCerrado_Planta_ControladorPID,ZN Lazo Cerrado,52,0.0003982643757,1.354772287,
RespuestaDeLazoCerrado_Planta_ControladorPID,ZN Lazo Cerrado,53,0.0003999975,1.359128591,
RespuestaDeLazoCerrado_Planta_ControladorPID,ZN Lazo Cerrado,54,0.0004000025,1.309818529,
RespuestaDeLazoCerrado_Planta_ControladorPID,ZN Lazo Cerrado,55,0.0004073158388,1.300574696,
RespuestaDeLazoCerrado_Planta_ControladorPID,ZN Lazo Cerrado,56,0.0004163673019,1.28977012,
RespuestaDeLazoCerrado_Planta_ControladorPID,ZN Lazo Cerrado,57,0.000425418765,1.279333935,
RespuestaDeLazoCerrado_Planta_ControladorPID,ZN Lazo Cerrado,58,0.000434470228,1.268907837,
RespuestaDeLazoCerrado_Planta_ControladorPID,ZN Lazo Cerrado,59,0.0004435216911,1.258133519,
RespuestaDeLazoCerrado_Planta_ControladorPID,ZN Lazo Cerrado,60,0.0004525731542,1.24653276,
RespuestaDeLazoCerrado_Planta_ControladorPID,ZN Lazo Cerrado,61,0.0004616246173,1.233268145,
RespuestaDeLazoCerrado_Planta_ControladorPID,ZN Lazo Cerrado,62,0.0004706760804,1.217319823,
RespuestaDeLazoCerrado_Planta_ControladorPID,ZN Lazo Cerrado,63,0.0004797275435,1.197555133,
RespuestaDeLazoCerrado_Planta_ControladorPID,ZN Lazo Cerrado,64,0.0004887790065,1.172528742,
RespuestaDeLazoCerrado_Planta_ControladorPID,ZN Lazo Cerrado,65,0.0004978304696,1.140675356,
RespuestaDeLazoCerrado_Planta_ControladorPID,ZN Lazo Cerrado,66,0.0005068819327,1.142063537,
RespuestaDeLazoCerrado_Planta_ControladorPID,ZN Lazo Cerrado,67,0.0005159333958,1.124431588,
RespuestaDeLazoCerrado_Planta_ControladorPID,ZN Lazo Cerrado,68,0.0005249848589,1.106403788,
RespuestaDeLazoCerrado_Planta_ControladorPID,ZN Lazo Cerrado,69,0.000534036322,1.088171845,
RespuestaDeLazoCerrado_Planta_ControladorPID,ZN Lazo Cerrado,70,0.0005430877851,1.069958611,
RespuestaDeLazoCerrado_Planta_ControladorPID,ZN Lazo Cerrado,71,0.0005521392481,1.052068488,
RespuestaDeLazoCerrado_Planta_ControladorPID,ZN Lazo Cerrado,72,0.0005611907112,1.035037309,
RespuestaDeLazoCerrado_Planta_ControladorPID,ZN Lazo Cerrado,73,0.0005702421743,1.019571183,
RespuestaDeLazoCerrado_Planta_ControladorPID,ZN Lazo Cerrado,74,0.0005792936374,1.006535422,
RespuestaDeLazoCerrado_Planta_ControladorPID,ZN Lazo Cerrado,75,0.0005883451005,0.9970613906,
RespuestaDeLazoCerrado_Planta_ControladorPID,ZN Lazo Cerrado,76,0.0005973965636,0.9924913524,
RespuestaDeLazoCerrado_Planta_ControladorPID,ZN Lazo Cerrado,77,0.0006064480266,0.9733885198,
RespuestaDeLazoCerrado_Planta_ControladorPID,ZN Lazo Cerrado,78,0.0006154994897,0.9632510668,
RespuestaDeLazoCerrado_Planta_ControladorPID,ZN Lazo Cerrado,79,0.0006245509528,0.9543420837,
RespuestaDeLazoCerrado_Planta_ControladorPID,ZN Lazo Cerrado,80,0.0006336024159,0.9466678633,
RespuestaDeLazoCerrado_Planta_ControladorPID,ZN Lazo Cerrado,81,0.000642653879,0.9402034976,
RespuestaDeLazoCerrado_Planta_ControladorPID,ZN Lazo Cerrado,82,0.0006517053421,0.934866707,
RespuestaDeLazoCerrado_Planta_ControladorPID,ZN Lazo Cerrado,83,0.0006607568051,0.9304322132,
RespuestaDeLazoCerrado_Planta_ControladorPID,ZN Lazo Cerrado,84,0.0006698082682,0.926540414,
RespuestaDeLazoCerrado_Planta_ControladorPID,ZN Lazo Cerrado,85,0.0006788597313,0.9226722109,
RespuestaDeLazoCerrado_Planta_ControladorPID,ZN Lazo Cerrado,86,0.0006879111944,0.9181210703,
RespuestaDeLazoCerrado_Planta_ControladorPID,ZN Lazo Cerrado,87,0.0006969626575,0.9119066684,
RespuestaDeLazoCerrado_Planta_ControladorPID,ZN Lazo Cerrado,88,0.0007060141206,0.9132315764,
RespuestaDeLazoCerrado_Planta_ControladorPID,ZN Lazo Cerrado,89,0.0007150655837,0.9118941924,
RespuestaDeLazoCerrado_Planta_ControladorPID,ZN Lazo Cerrado,90,0.0007241170467,0.9109358094,
RespuestaDeLazoCerrado_Planta_ControladorPID,ZN Lazo Cerrado,91,0.0007331685098,0.9102821799,
RespuestaDeLazoCerrado_Planta_ControladorPID,ZN Lazo Cerrado,92,0.0007422199729,0.9098693934,
RespuestaDeLazoCerrado_Planta_ControladorPID,ZN Lazo Cerrado,93,0.000751271436,0.9096588973,
RespuestaDeLazoCerrado_Planta_ControladorPID,ZN Lazo Cerrado,94,0.0007603228991,0.9096858507,
RespuestaDeLazoCerrado_Planta_ControladorPID,ZN Lazo Cerrado,95,0.0007693743622,0.910066497,
RespuestaDeLazoCerrado_Planta_ControladorPID,ZN Lazo Cerrado,96,0.0007784258252,0.9110386165,
RespuestaDeLazoCerrado_Planta_ControladorPID,ZN Lazo Cerrado,97,0.0007874772883,0.9129607463,
RespuestaDeLazoCerrado_Planta_ControladorPID,ZN Lazo Cerrado,98,0.0007965287514,0.9159188439,
RespuestaDeLazoCerrado_Planta_ControladorPID,ZN Lazo Cerrado,99,0.0008055802145,0.9170000884,
RespuestaDeLazoCerrado_Planta_ControladorPID,ZN Lazo Cerrado,100,0.0008146316776,0.9191154582,
RespuestaDeLazoCerrado_Planta_ControladorPID,ZN Lazo Cerrado,101,0.0008236831407,0.9214891076,
RespuestaDeLazoCerrado_Planta_ControladorPID,ZN Lazo Cerrado,102,0.0008327346037,0.9241304322,
RespuestaDeLazoCerrado_Planta_ControladorPID,ZN Lazo Cerrado,103,0.0008417860668,0.9270488542,
RespuestaDeLazoCerrado_Planta_ControladorPID,ZN Lazo Cerrado,104,0.0008508375299,0.9302480377,
RespuestaDeLazoCerrado_Planta_ControladorPID,ZN Lazo Cerrado,105,0.000859888993,0.9336914611,
RespuestaDeLazoCerrado_Planta_ControladorPID,ZN Lazo Cerrado,106,0.0008689404561,0.9373106666,
RespuestaDeLazoCerrado_Planta_ControladorPID,ZN Lazo Cerrado,107,0.0008779919192,0.9409461131,
RespuestaDeLazoCerrado_Planta_ControladorPID,ZN Lazo Cerrado,108,0.0008870433823,0.9443464545,
RespuestaDeLazoCerrado_Planta_ControladorPID,ZN Lazo Cerrado,109,0.0008960948453,0.9477294935,
RespuestaDeLazoCerrado_Planta_ControladorPID,ZN Lazo Cerrado,110,0.0009051463084,0.951458193,
RespuestaDeLazoCerrado_Planta_ControladorPID,ZN Lazo Cerrado,111,0.0009141977715,0.9552313875,
RespuestaDeLazoCerrado_Planta_ControladorPID,ZN Lazo Cerrado,112,0.0009232492346,0.9590048464,
RespuestaDeLazoCerrado_Planta_ControladorPID,ZN Lazo Cerrado,113,0.0009323006977,0.9627429231,
RespuestaDeLazoCerrado_Planta_ControladorPID,ZN Lazo Cerrado,114,0.0009413521608,0.9664076556,
RespuestaDeLazoCerrado_Planta_ControladorPID,ZN Lazo Cerrado,115,0.0009504036238,0.9699611322,
RespuestaDeLazoCerrado_Planta_ControladorPID,ZN Lazo Cerrado,116,0.0009594550869,0.9733856708,
RespuestaDeLazoCerrado_Planta_ControladorPID,ZN Lazo Cerrado,117,0.00096850655,0.9766843773,
RespuestaDeLazoCerrado_Planta_ControladorPID,ZN Lazo Cerrado,118,0.0009775580131,0.9798953293,
RespuestaDeLazoCerrado_Planta_ControladorPID,ZN Lazo Cerrado,119,0.0009866094762,0.983139661,
RespuestaDeLazoCerrado_Planta_ControladorPID,ZN Lazo Cerrado,120,0.0009956609393,0.9863432767,
RespuestaDeLazoCerrado_Planta_ControladorPID,ZN Lazo Cerrado,121,0.001004712402,0.989276845,
RespuestaDeLazoCerrado_Planta_ControladorPID,ZN Lazo Cerrado,122,0.001013763865,0.9920479947,
RespuestaDeLazoCerrado_Planta_ControladorPID,ZN Lazo Cerrado,123,0.001022815329,0.9946728356,
RespuestaDeLazoCerrado_Planta_ControladorPID,ZN Lazo Cerrado,124,0.001031866792,0.9971502659,
RespuestaDeLazoCerrado_Planta_ControladorPID,ZN Lazo Cerrado,125,0.001040918255,0.9994900016,
RespuestaDeLazoCerrado_Planta_ControladorPID,ZN Lazo Cerrado,126,0.001049969718,1.00170252,
RespuestaDeLazoCerrado_Planta_ControladorPID,ZN Lazo Cerrado,127,0.001059021181,1.003794109,
RespuestaDeLazoCerrado_Planta_ControladorPID,ZN Lazo Cerrado,128,0.001068072644,1.005759809,
RespuestaDeLazoCerrado_Planta_ControladorPID,ZN Lazo Cerrado,129,0.001077124107,1.007583076,
RespuestaDeLazoCerrado_Planta_ControladorPID,ZN Lazo Cerrado,130,0.00108617557,1.009193029,
RespuestaDeLazoCerrado_Planta_ControladorPID,ZN Lazo Cerrado,131,0.001095227033,1.01063123,
RespuestaDeLazoCerrado_Planta_ControladorPID,ZN Lazo Cerrado,132,0.001104278496,1.011956324,
RespuestaDeLazoCerrado_Planta_ControladorPID,ZN Lazo Cerrado,133,0.001113329959,1.013170832,
RespuestaDeLazoCerrado_Planta_ControladorPID,ZN Lazo Cerrado,134,0.001122381422,1.014249611,
RespuestaDeLazoCerrado_Planta_ControladorPID,ZN Lazo Cerrado,135,0.001131432886,1.015199308,
RespuestaDeLazoCerrado_Planta_ControladorPID,ZN Lazo Cerrado,136,0.001140484349,1.016021214,
RespuestaDeLazoCerrado_Planta_ControladorPID,ZN Lazo Cerrado,137,0.001149535812,1.016708212,
RespuestaDeLazoCerrado_Planta_ControladorPID,ZN Lazo Cerrado,138,0.001158587275,1.017261799,
RespuestaDeLazoCerrado_Planta_ControladorPID,ZN Lazo Cerrado,139,0.001167638738,1.017690884,
RespuestaDeLazoCerrado_Planta_ControladorPID,ZN Lazo Cerrado,140,0.001176690201,1.018004376,
RespuestaDeLazoCerrado_Planta_ControladorPID,ZN Lazo Cerrado,141,0.001185741664,1.018236689,
RespuestaDeLazoCerrado_Planta_ControladorPID,ZN Lazo Cerrado,142,0.001194793127,1.018373915,
RespuestaDeLazoCerrado_Planta_ControladorPID,ZN Lazo Cerrado,143,0.00120384459,1.018415686,
RespuestaDeLazoCerrado_Planta_ControladorPID,ZN Lazo Cerrado,144,0.001212896053,1.018364961,
RespuestaDeLazoCerrado_Planta_ControladorPID,ZN Lazo Cerrado,145,0.001221947516,1.018224701,
RespuestaDeLazoCerrado_Planta_ControladorPID,ZN Lazo Cerrado,146,0.001230998979,1.017998083,
RespuestaDeLazoCerrado_Planta_ControladorPID,ZN Lazo Cerrado,147,0.001240050443,1.017700416,
RespuestaDeLazoCerrado_Planta_ControladorPID,ZN Lazo Cerrado,148,0.001249101906,1.017340338,
RespuestaDeLazoCerrado_Planta_ControladorPID,ZN Lazo Cerrado,149,0.001258153369,1.016921811,
RespuestaDeLazoCerrado_Planta_ControladorPID,ZN Lazo Cerrado,150,0.001267204832,1.016448795,
RespuestaDeLazoCerrado_Planta_ControladorPID,ZN Lazo Cerrado,151,0.001276256295,1.015925253,
RespuestaDeLazoCerrado_Planta_ControladorPID,ZN Lazo Cerrado,152,0.001285307758,1.015355146,
RespuestaDeLazoCerrado_Planta_ControladorPID,ZN Lazo Cerrado,153,0.001294359221,1.014744648,
RespuestaDeLazoCerrado_Planta_ControladorPID,ZN Lazo Cerrado,154,0.001303410684,1.014102347,
RespuestaDeLazoCerrado_Planta_ControladorPID,ZN Lazo Cerrado,155,0.001312462147,1.013432693,
RespuestaDeLazoCerrado_Planta_ControladorPID,ZN Lazo Cerrado,156,0.00132151361,1.012740569,
RespuestaDeLazoCerrado_Planta_ControladorPID,ZN Lazo Cerrado,157,0.001330565073,1.01203086,
RespuestaDeLazoCerrado_Planta_ControladorPID,ZN Lazo Cerrado,158,0.001339616536,1.011308449,
RespuestaDeLazoCerrado_Planta_ControladorPID,ZN Lazo Cerrado,159,0.001348668,1.010578221,
RespuestaDeLazoCerrado_Planta_ControladorPID,ZN Lazo Cerrado,160,0.001401001272,1.006365976,
RespuestaDeLazoCerrado_Planta_ControladorPID,ZN Lazo Cerrado,161,0.001453334545,1.002606789,
RespuestaDeLazoCerrado_Planta_ControladorPID,ZN Lazo Cerrado,162,0.001505667818,0.9996599578,
RespuestaDeLazoCerrado_Planta_ControladorPID,ZN Lazo Cerrado,163,0.001558001091,0.9976668691,
RespuestaDeLazoCerrado_Planta_ControladorPID,ZN Lazo Cerrado,164,0.001610334363,0.9966042038,
RespuestaDeLazoCerrado_Planta_ControladorPID,ZN Lazo Cerrado,165,0.001662667636,0.9963310713,
RespuestaDeLazoCerrado_Planta_ControladorPID,ZN Lazo Cerrado,166,0.001715000909,0.9966481865,
RespuestaDeLazoCerrado_Planta_ControladorPID,ZN Lazo Cerrado,167,0.001767334182,0.9973183441,
RespuestaDeLazoCerrado_Planta_ControladorPID,ZN Lazo Cerrado,168,0.001819667454,0.9981394452,
RespuestaDeLazoCerrado_Planta_ControladorPID,ZN Lazo Cerrado,169,0.001872000727,0.9989571626,
RespuestaDeLazoCerrado_Planta_ControladorPID,ZN Lazo Cerrado,170,0.001924334,0.9996638901,
RespuestaDeLazoCerrado_Planta_ControladorPID,ZN Lazo Cerrado,171,0.001976667273,1.000198661,
RespuestaDeLazoCerrado_Planta_ControladorPID,ZN Lazo Cerrado,172,0.002029000545,1.000541469,
RespuestaDeLazoCerrado_Planta_ControladorPID,ZN Lazo Cerrado,173,0.002081333818,1.000704254,
RespuestaDeLazoCerrado_Planta_ControladorPID,ZN Lazo Cerrado,174,0.002133667091,1.000720817,
RespuestaDeLazoCerrado_Planta_ControladorPID,ZN Lazo Cerrado,175,0.002186000364,1.000633539,
RespuestaDeLazoCerrado_Planta_ControladorPID,ZN Lazo Cerrado,176,0.002238333636,1.000488266,
RespuestaDeLazoCerrado_Planta_ControladorPID,ZN Lazo Cerrado,177,0.002290666909,1.000322711,
RespuestaDeLazoCerrado_Planta_ControladorPID,ZN Lazo Cerrado,178,0.002343000182,1.000164724,
RespuestaDeLazoCerrado_Planta_ControladorPID,ZN Lazo Cerrado,179,0.002395333455,1.000032958,
RespuestaDeLazoCerrado_Planta_ControladorPID,ZN Lazo Cerrado,180,0.002447666727,0.9999373208,
RespuestaDeLazoCerrado_Planta_ControladorPID,ZN Lazo Cerrado,181,0.0025,0.99987976,
RespuestaDeLazoCerrado_Planta_ControladorPID,ZN Lazo Abierto,1,0,0,
RespuestaDeLazoCerrado_Planta_ControladorPID,ZN Lazo Abierto,2,2.5e-09,0,
RespuestaDeLazoCerrado_Planta_ControladorPID,ZN Lazo Abierto,3,6.097572396e-06,0,
RespuestaDeLazoCerrado_Planta_ControladorPID,ZN Lazo Abierto,4,1.219514479e-05,0,
RespuestaDeLazoCerrado_Planta_ControladorPID,ZN Lazo Abierto,5,1.829271719e-05,0,
RespuestaDeLazoCerrado_Planta_ControladorPID,ZN Lazo Abierto,6,2.439028958e-05,0,
RespuestaDeLazoCerrado_Planta_ControladorPID,ZN Lazo Abierto,7,3.048786198e-05,0,
RespuestaDeLazoCerrado_Planta_ControladorPID,ZN Lazo Abierto,8,3.658543437e-05,0,
RespuestaDeLazoCerrado_Planta_ControladorPID,ZN Lazo Abierto,9,4.268300677e-05,0,
RespuestaDeLazoCerrado_Planta_ControladorPID,ZN Lazo Abierto,10,4.878057917e-05,0,
RespuestaDeLazoCerrado_Planta_ControladorPID,ZN Lazo Abierto,11,5.487815156e-05,0,
RespuestaDeLazoCerrado_Planta_ControladorPID,ZN Lazo Abierto,12,6.097572396e-05,0,
RespuestaDeLazoCerrado_Planta_ControladorPID,ZN Lazo Abierto,13,6.707329635e-05,0,
RespuestaDeLazoCerrado_Planta_ControladorPID,ZN Lazo Abierto,14,7.317086875e-05,0,
RespuestaDeLazoCerrado_Planta_ControladorPID,ZN Lazo Abierto,15,7.926844114e-05,0,
RespuestaDeLazoCerrado_Planta_ControladorPID,ZN Lazo Abierto,16,8.536601354e-05,0,
RespuestaDeLazoCerrado_Planta_ControladorPID,ZN Lazo Abierto,17,9.146358594e-05,0,
RespuestaDeLazoCerrado_Planta_ControladorPID,ZN Lazo Abierto,18,9.756115833e-05,0,
RespuestaDeLazoCerrado_Planta_ControladorPID,ZN Lazo Abierto,19,9.99975e-05,0,
RespuestaDeLazoCerrado_Planta_ControladorPID,ZN Lazo Abierto,20,0.0001000025,0.6000299848,
RespuestaDeLazoCerrado_Planta_ControladorPID,ZN Lazo Abierto,21,0.0001036587307,0.6442829607,
RespuestaDeLazoCerrado_Planta_ControladorPID,ZN Lazo Abierto,22,0.0001097563031,0.7198650604,
RespuestaDeLazoCerrado_Planta_ControladorPID,ZN Lazo Abierto,23,0.0001158538755,0.7976731757,
RespuestaDeLazoCerrado_Planta_ControladorPID,ZN Lazo Abierto,24,0.0001219514479,0.8777071672,
RespuestaDeLazoCerrado_Planta_ControladorPID,ZN Lazo Abierto,25,0.0001280490203,0.9599668955,
RespuestaDeLazoCerrado_Planta_ControladorPID,ZN Lazo Abierto,26,0.0001341465927,1.044452221,
RespuestaDeLazoCerrado_Planta_ControladorPID,ZN Lazo Abierto,27,0.0001402441651,1.131163004,
RespuestaDeLazoCerrado_Planta_ControladorPID,ZN Lazo Abierto,28,0.0001463417375,1.220099106,
RespuestaDeLazoCerrado_Planta_ControladorPID,ZN Lazo Abierto,29,0.0001524393099,1.311260386,
RespuestaDeLazoCerrado_Planta_ControladorPID,ZN Lazo Abierto,30,0.0001585368823,1.404646706,
RespuestaDeLazoCerrado_Planta_ControladorPID,ZN Lazo Abierto,31,0.0001646344547,1.500257926,
RespuestaDeLazoCerrado_Planta_ControladorPID,ZN Lazo Abierto,32,0.0001707320271,1.598093907,
RespuestaDeLazoCerrado_Planta_ControladorPID,ZN Lazo Abierto,33,0.0001768295995,1.698154508,
RespuestaDeLazoCerrado_Planta_ControladorPID,ZN Lazo Abierto,34,0.0001829271719,1.800439592,
RespuestaDeLazoCerrado_Planta_ControladorPID,ZN Lazo Abierto,35,0.0001890247443,1.904949017,
RespuestaDeLazoCerrado_Planta_ControladorPID,ZN Lazo Abierto,36,0.0001951223167,2.011682645,
RespuestaDeLazoCerrado_Planta_ControladorPID,ZN Lazo Abierto,37,0.0001999975,2.0986192,
RespuestaDeLazoCerrado_Planta_ControladorPID,ZN Lazo Abierto,38,0.0002000025,1.73867311,
RespuestaDeLazoCerrado_Planta_ControladorPID,ZN Lazo Abierto,39,0.0002012198891,1.742923031,
RespuestaDeLazoCerrado_Planta_ControladorPID,ZN Lazo Abierto,40,0.0002073174615,1.760665654,
RespuestaDeLazoCerrado_Planta_ControladorPID,ZN Lazo Abierto,41,0.0002134150339,1.77224191,
RespuestaDeLazoCerrado_Planta_ControladorPID,ZN Lazo Abierto,42,0.0002195126062,1.777300127,
RespuestaDeLazoCerrado_Planta_ControladorPID,ZN Lazo Abierto,43,0.0002256101786,1.775488635,
RespuestaDeLazoCerrado_Planta_ControladorPID,ZN Lazo Abierto,44,0.000231707751,1.766455762,
RespuestaDeLazoCerrado_Planta_ControladorPID,ZN Lazo Abierto,45,0.0002378053234,1.749849837,
RespuestaDeLazoCerrado_Planta_ControladorPID,ZN Lazo Abierto,46,0.0002439028958,1.725319188,
RespuestaDeLazoCerrado_Planta_ControladorPID,ZN Lazo Abierto,47,0.0002500004682,1.692512622,
RespuestaDeLazoCerrado_Planta_ControladorPID,ZN Lazo Abierto,48,0.0002560980406,1.65107979,
RespuestaDeLazoCerrado_Planta_ControladorPID,ZN Lazo Abierto,49,0.000262195613,1.600647634,
RespuestaDeLazoCerrado_Planta_ControladorPID,ZN Lazo Abierto,50,0.0002682931854,1.540837536,
RespuestaDeLazoCerrado_Planta_ControladorPID,ZN Lazo Abierto,51,0.0002743907578,1.471270886,
RespuestaDeLazoCerrado_Planta_ControladorPID,ZN Lazo Abierto,52,0.0002804883302,1.391573116,
RespuestaDeLazoCerrado_Planta_ControladorPID,ZN Lazo Abierto,53,0.0002865859026,1.301354637,
RespuestaDeLazoCerrado_Planta_ControladorPID,ZN Lazo Abierto,54,0.000292683475,1.200215941,
RespuestaDeLazoCerrado_Planta_ControladorPID,ZN Lazo Abierto,55,0.0002987810474,1.087757522,
RespuestaDeLazoCerrado_Planta_ControladorPID,ZN Lazo Abierto,56,0.0002999975,1.063932874,
RespuestaDeLazoCerrado_Planta_ControladorPID,ZN Lazo Abierto,57,0.0003000025,1.279866365,
RespuestaDeLazoCerrado_Planta_ControladorPID,ZN Lazo Abierto,58,0.0003048786198,1.246673919,
RespuestaDeLazoCerrado_Planta_ControladorPID,ZN Lazo Abierto,59,0.0003109761922,1.205791503,
RespuestaDeLazoCerrado_Planta_ControladorPID,ZN Lazo Abierto,60,0.0003170737646,1.166250506,
RespuestaDeLazoCerrado_Planta_ControladorPID,ZN Lazo Abierto,61,0.000323171337,1.128744496,
RespuestaDeLazoCerrado_Planta_ControladorPID,ZN Lazo Abierto,62,0.0003292689094,1.093967045,
RespuestaDeLazoCerrado_Planta_ControladorPID,ZN Lazo Abierto,63,0.0003353664818,1.062609906,
RespuestaDeLazoCerrado_Planta_ControladorPID,ZN Lazo Abierto,64,0.0003414640542,1.035434241,
RespuestaDeLazoCerrado_Planta_ControladorPID,ZN Lazo Abierto,65,0.0003475616266,1.013359875,
RespuestaDeLazoCerrado_Planta_ControladorPID,ZN Lazo Abierto,66,0.000353659199,0.9973226505,
RespuestaDeLazoCerrado_Planta_ControladorPID,ZN Lazo Abierto,67,0.0003597567713,0.9882584091,
RespuestaDeLazoCerrado_Planta_ControladorPID,ZN Lazo Abierto,68,0.0003658543437,0.9871029933,
RespuestaDeLazoCerrado_Planta_ControladorPID,ZN Lazo Abierto,69,0.0003719519161,0.9948575,
RespuestaDeLazoCerrado_Planta_ControladorPID,ZN Lazo Abierto,70,0.0003780494885,1.012655179,
RespuestaDeLazoCerrado_Planta_ControladorPID,ZN Lazo Abierto,71,0.0003841470609,1.041639706,
RespuestaDeLazoCerrado_Planta_ControladorPID,ZN Lazo Abierto,72,0.0003902446333,1.08299066,
RespuestaDeLazoCerrado_Planta_ControladorPID,ZN Lazo Abierto,73,0.0003963422057,1.137990151,
RespuestaDeLazoCerrado_Planta_ControladorPID,ZN Lazo Abierto,74,0.0003999975,1.178044816,
RespuestaDeLazoCerrado_Planta_ControladorPID,ZN Lazo Abierto,75,0.0004000025,1.048477506,
RespuestaDeLazoCerrado_Planta_ControladorPID,ZN Lazo Abierto,76,0.0004024397781,1.051972606,
RespuestaDeLazoCerrado_Planta_ControladorPID,ZN Lazo Abierto,77,0.0004085373505,1.062225226,
RespuestaDeLazoCerrado_Planta_ControladorPID,ZN Lazo Abierto,78,0.0004146349229,1.074302723,
RespuestaDeLazoCerrado_Planta_ControladorPID,ZN Lazo Abierto,79,0.0004207324953,1.08779168,
RespuestaDeLazoCerrado_Planta_ControladorPID,ZN Lazo Abierto,80,0.0004268300677,1.102246672,
RespuestaDeLazoCerrado_Planta_ControladorPID,ZN Lazo Abierto,81,0.0004329276401,1.117087671,
RespuestaDeLazoCerrado_Planta_ControladorPID,ZN Lazo Abierto,82,0.0004390252125,1.131669399,
RespuestaDeLazoCerrado_Planta_ControladorPID,ZN Lazo Abierto,83,0.0004451227849,1.145300695,
RespuestaDeLazoCerrado_Planta_ControladorPID,ZN Lazo Abierto,84,0.0004512203573,1.157056775,
RespuestaDeLazoCerrado_Planta_ControladorPID,ZN Lazo Abierto,85,0.0004573179297,1.165947345,
RespuestaDeLazoCerrado_Planta_ControladorPID,ZN Lazo Abierto,86,0.0004634155021,1.170963562,
RespuestaDeLazoCerrado_Planta_ControladorPID,ZN Lazo Abierto,87,0.0004695130745,1.170926565,
RespuestaDeLazoCerrado_Planta_ControladorPID,ZN Lazo Abierto,88,0.0004756106469,1.16450419,
RespuestaDeLazoCerrado_Planta_ControladorPID,ZN Lazo Abierto,89,0.0004817082193,1.150277007,
RespuestaDeLazoCerrado_Planta_ControladorPID,ZN Lazo Abierto,90,0.0004878057917,1.126617541,
RespuestaDeLazoCerrado_Planta_ControladorPID,ZN Lazo Abierto,91,0.0004939033641,1.091818779,
RespuestaDeLazoCerrado_Planta_ControladorPID,ZN Lazo Abierto,92,0.0005000009364,1.118999367,
RespuestaDeLazoCerrado_Planta_ControladorPID,ZN Lazo Abierto,93,0.0005060985088,1.113042419,
RespuestaDeLazoCerrado_Planta_ControladorPID,ZN Lazo Abierto,94,0.0005121960812,1.102250807,
RespuestaDeLazoCerrado_Planta_ControladorPID,ZN Lazo Abierto,95,0.0005182936536,1.089464879,
RespuestaDeLazoCerrado_Planta_ControladorPID,ZN Lazo Abierto,96,0.000524391226,1.074808711,
RespuestaDeLazoCerrado_Planta_ControladorPID,ZN Lazo Abierto,97,0.0005304887984,1.058496973,
RespuestaDeLazoCerrado_Planta_ControladorPID,ZN Lazo Abierto,98,0.0005365863708,1.040855278,
RespuestaDeLazoCerrado_Planta_ControladorPID,ZN Lazo Abierto,99,0.0005426839432,1.022265036,
RespuestaDeLazoCerrado_Planta_ControladorPID,ZN Lazo Abierto,100,0.0005487815156,1.003271206,
RespuestaDeLazoCerrado_Planta_ControladorPID,ZN Lazo Abierto,101,0.000554879088,0.9845829591,
RespuestaDeLazoCerrado_Planta_ControladorPID,ZN Lazo Abierto,102,0.0005609766604,0.9669816323,
RespuestaDeLazoCerrado_Planta_ControladorPID,ZN Lazo Abierto,103,0.0005670742328,0.9514145548,
RespuestaDeLazoCerrado_Planta_ControladorPID,ZN Lazo Abierto,104,0.0005731718052,0.9390252353,
RespuestaDeLazoCerrado_Planta_ControladorPID,ZN Lazo Abierto,105,0.0005792693776,0.9311019315,
RespuestaDeLazoCerrado_Planta_ControladorPID,ZN Lazo Abierto,106,0.00058536695,0.9292311426,
RespuestaDeLazoCerrado_Planta_ControladorPID,ZN Lazo Abierto,107,0.0005914645224,0.9351122275,
RespuestaDeLazoCerrado_Planta_ControladorPID,ZN Lazo Abierto,108,0.0005975620948,0.9507521424,
RespuestaDeLazoCerrado_Planta_ControladorPID,ZN Lazo Abierto,109,0.0006036596672,0.9090685173,
RespuestaDeLazoCerrado_Planta_ControladorPID,ZN Lazo Abierto,110,0.0006097572396,0.9030119891,
RespuestaDeLazoCerrado_Planta_ControladorPID,ZN Lazo Abierto,111,0.000615854812,0.898742802,
RespuestaDeLazoCerrado_Planta_ControladorPID,ZN Lazo Abierto,112,0.0006219523844,0.8963672564,
RespuestaDeLazoCerrado_Planta_ControladorPID,ZN Lazo Abierto,113,0.0006280499568,0.8959509351,
RespuestaDeLazoCerrado_Planta_ControladorPID,ZN Lazo Abierto,114,0.0006341475292,0.8974737525,
RespuestaDeLazoCerrado_Planta_ControladorPID,ZN Lazo Abierto,115,0.0006402451016,0.9008543826,
RespuestaDeLazoCerrado_Planta_ControladorPID,ZN Lazo Abierto,116,0.0006463426739,0.9059178429,
RespuestaDeLazoCerrado_Planta_ControladorPID,ZN Lazo Abierto,117,0.0006524402463,0.9123428266,
RespuestaDeLazoCerrado_Planta_ControladorPID,ZN Lazo Abierto,118,0.0006585378187,0.9196772414,
RespuestaDeLazoCerrado_Planta_ControladorPID,ZN Lazo Abierto,119,0.0006646353911,0.9273813277,
RespuestaDeLazoCerrado_Planta_ControladorPID,ZN Lazo Abierto,120,0.0006707329635,0.9346567986,
RespuestaDeLazoCerrado_Planta_ControladorPID,ZN Lazo Abierto,121,0.0006768305359,0.9405771366,
RespuestaDeLazoCerrado_Planta_ControladorPID,ZN Lazo Abierto,122,0.0006829281083,0.9439898748,
RespuestaDeLazoCerrado_Planta_ControladorPID,ZN Lazo Abierto,123,0.0006890256807,0.9433403995,
RespuestaDeLazoCerrado_Planta_ControladorPID,ZN Lazo Abierto,124,0.0006951232531,0.9369802242,
RespuestaDeLazoCerrado_Planta_ControladorPID,ZN Lazo Abierto,125,0.0007012208255,0.9560048832,
RespuestaDeLazoCerrado_Planta_ControladorPID,ZN Lazo Abierto,126,0.0007073183979,0.9629730757,
RespuestaDeLazoCerrado_Planta_ControladorPID,ZN Lazo Abierto,127,0.0007134159703,0.9695384033,
RespuestaDeLazoCerrado_Planta_ControladorPID,ZN Lazo Abierto,128,0.0007195135427,0.97551185,
RespuestaDeLazoCerrado_Planta_ControladorPID,ZN Lazo Abierto,129,0.0007256111151,0.9807085842,
RespuestaDeLazoCerrado_Planta_ControladorPID,ZN Lazo Abierto,130,0.0007317086875,0.9849790381,
RespuestaDeLazoCerrado_Planta_ControladorPID,ZN Lazo Abierto,131,0.0007378062599,0.9882173152,
RespuestaDeLazoCerrado_Planta_ControladorPID,ZN Lazo Abierto,132,0.0007439038323,0.9903553595,
RespuestaDeLazoCerrado_Planta_ControladorPID,ZN Lazo Abierto,133,0.0007500014047,0.9914267304,
RespuestaDeLazoCerrado_Planta_ControladorPID,ZN Lazo Abierto,134,0.0007560989771,0.9915573903,
RespuestaDeLazoCerrado_Planta_ControladorPID,ZN Lazo Abierto,135,0.0007621965495,0.9909786419,
RespuestaDeLazoCerrado_Planta_ControladorPID,ZN Lazo Abierto,136,0.0007682941219,0.990042336,
RespuestaDeLazoCerrado_Planta_ControladorPID,ZN Lazo Abierto,137,0.0007743916943,0.9893406294,
RespuestaDeLazoCerrado_Planta_ControladorPID,ZN Lazo Abierto,138,0.0007804892667,0.9895536693,
RespuestaDeLazoCerrado_Planta_ControladorPID,ZN Lazo Abierto,139,0.000786586839,0.9917166475,
RespuestaDeLazoCerrado_Planta_ControladorPID,ZN Lazo Abierto,140,0.0007926844114,0.9971273946,
RespuestaDeLazoCerrado_Planta_ControladorPID,ZN Lazo Abierto,141,0.0007987819838,1.008439941,
RespuestaDeLazoCerrado_Planta_ControladorPID,ZN Lazo Abierto,142,0.0008048795562,0.9916559323,
RespuestaDeLazoCerrado_Planta_ControladorPID,ZN Lazo Abierto,143,0.0008109771286,0.9895157262,
RespuestaDeLazoCerrado_Planta_ControladorPID,ZN Lazo Abierto,144,0.000817074701,0.9872830101,
RespuestaDeLazoCerrado_Planta_ControladorPID,ZN Lazo Abierto,145,0.0008231722734,0.9851016959,
RespuestaDeLazoCerrado_Planta_ControladorPID,ZN Lazo Abierto,146,0.0008292698458,0.9831182634,
RespuestaDeLazoCerrado_Planta_ControladorPID,ZN Lazo Abierto,147,0.0008353674182,0.9814635531,
RespuestaDeLazoCerrado_Planta_ControladorPID,ZN Lazo Abierto,148,0.0008414649906,0.9802578043,
RespuestaDeLazoCerrado_Planta_ControladorPID,ZN Lazo Abierto,149,0.000847562563,0.9795816417,
RespuestaDeLazoCerrado_Planta_ControladorPID,ZN Lazo Abierto,150,0.0008536601354,0.9794581301,
RespuestaDeLazoCerrado_Planta_ControladorPID,ZN Lazo Abierto,151,0.0008597577078,0.9798320813,
RespuestaDeLazoCerrado_Planta_ControladorPID,ZN Lazo Abierto,152,0.0008658552802,0.9805915255,
RespuestaDeLazoCerrado_Planta_ControladorPID,ZN Lazo Abierto,153,0.0008719528526,0.9814444491,
RespuestaDeLazoCerrado_Planta_ControladorPID,ZN Lazo Abierto,154,0.000878050425,0.9819978822,
RespuestaDeLazoCerrado_Planta_ControladorPID,ZN Lazo Abierto,155,0.0008841479974,0.9816490454,
RespuestaDeLazoCerrado_Planta_ControladorPID,ZN Lazo Abierto,156,0.0008902455698,0.9795126758,
RespuestaDeLazoCerrado_Planta_ControladorPID,ZN Lazo Abierto,157,0.0008963431422,0.9744943711,
RespuestaDeLazoCerrado_Planta_ControladorPID,ZN Lazo Abierto,158,0.0009024407146,0.9801319509,
RespuestaDeLazoCerrado_Planta_ControladorPID,ZN Lazo Abierto,159,0.000908538287,0.9816831888,
RespuestaDeLazoCerrado_Planta_ControladorPID,ZN Lazo Abierto,160,0.0009146358594,0.9835006826,
RespuestaDeLazoCerrado_Planta_ControladorPID,ZN Lazo Abierto,161,0.0009207334318,0.9855120775,
RespuestaDeLazoCerrado_Planta_ControladorPID,ZN Lazo Abierto,162,0.0009268310041,0.9876283809,
RespuestaDeLazoCerrado_Planta_ControladorPID,ZN Lazo Abierto,163,0.0009329285765,0.9897563601,
RespuestaDeLazoCerrado_Planta_ControladorPID,ZN Lazo Abierto,164,0.0009390261489,0.9918005944,
RespuestaDeLazoCerrado_Planta_ControladorPID,ZN Lazo Abierto,165,0.0009451237213,0.9936685283,
RespuestaDeLazoCerrado_Planta_ControladorPID,ZN Lazo Abierto,166,0.0009512212937,0.9952967165,
RespuestaDeLazoCerrado_Planta_ControladorPID,ZN Lazo Abierto,167,0.0009573188661,0.9966593271,
RespuestaDeLazoCerrado_Planta_ControladorPID,ZN Lazo Abierto,168,0.0009634164385,0.9977715218,
RespuestaDeLazoCerrado_Planta_ControladorPID,ZN Lazo Abierto,169,0.0009695140109,0.9987317718,
RespuestaDeLazoCerrado_Planta_ControladorPID,ZN Lazo Abierto,170,0.0009756115833,0.9997522983,
RespuestaDeLazoCerrado_Planta_ControladorPID,ZN Lazo Abierto,171,0.0009817091557,1.001153974,
RespuestaDeLazoCerrado_Planta_ControladorPID,ZN Lazo Abierto,172,0.0009878067281,1.003478788,
RespuestaDeLazoCerrado_Planta_ControladorPID,ZN Lazo Abierto,173,0.0009939043005,1.007489582,
RespuestaDeLazoCerrado_Planta_ControladorPID,ZN Lazo Abierto,174,0.001000001873,1.012382925,
RespuestaDeLazoCerrado_Planta_ControladorPID,ZN Lazo Abierto,175,0.001051725946,1.010330458,
RespuestaDeLazoCerrado_Planta_ControladorPID,ZN Lazo Abierto,176,0.00110345002,1.00608692,
RespuestaDeLazoCerrado_Planta_ControladorPID,ZN Lazo Abierto,177,0.001155174093,1.002392504,
RespuestaDeLazoCerrado_Planta_ControladorPID,ZN Lazo Abierto,178,0.001206898166,1.00159591,
RespuestaDeLazoCerrado_Planta_ControladorPID,ZN Lazo Abierto,179,0.00125862224,1.002383045,
RespuestaDeLazoCerrado_Planta_ControladorPID,ZN Lazo Abierto,180,0.001310346313,1.002544388,
RespuestaDeLazoCerrado_Planta_ControladorPID,ZN Lazo Abierto,181,0.001362070386,1.001178141,
RespuestaDeLazoCerrado_Planta_ControladorPID,ZN Lazo Abierto,182,0.00141379446,0.999378557,
RespuestaDeLazoCerrado_Planta_ControladorPID,ZN Lazo Abierto,183,0.001465518533,0.998681888,
RespuestaDeLazoCerrado_Planta_ControladorPID,ZN Lazo Abierto,184,0.001517242606,0.9991724381,
RespuestaDeLazoCerrado_Planta_ControladorPID,ZN Lazo Abierto,185,0.00156896668,0.9997712672,
RespuestaDeLazoCerrado_Planta_ControladorPID,ZN Lazo Abierto,186,0.001620690753,0.9998213535,
RespuestaDeLazoCerrado_Planta_ControladorPID,ZN Lazo Abierto,187,0.001672414826,0.9996135587,
RespuestaDeLazoCerrado_Planta_ControladorPID,ZN Lazo Abierto,188,0.0017241389,0.9996124529,
RespuestaDeLazoCerrado_Planta_ControladorPID,ZN Lazo Abierto,189,0.001775862973,0.9998481381,
RespuestaDeLazoCerrado_Planta_ControladorPID,ZN Lazo Abierto,190,0.001827587046,1.000075522,
RespuestaDeLazoCerrado_Planta_ControladorPID,ZN Lazo Abierto,191,0.00187931112,1.000137603,
RespuestaDeLazoCerrado_Planta_ControladorPID,ZN Lazo Abierto,192,0.001931035193,1.000079351,
RespuestaDeLazoCerrado_Planta_ControladorPID,ZN Lazo Abierto,193,0.001982759267,1.000028228,
RespuestaDeLazoCerrado_Planta_ControladorPID,ZN Lazo Abierto,194,0.00203448334,1.000036509,
RespuestaDeLazoCerrado_Planta_ControladorPID,ZN Lazo Abierto,195,0.002086207413,1.000057448,
RespuestaDeLazoCerrado_Planta_ControladorPID,ZN Lazo Abierto,196,0.002137931487,1.000045727,
RespuestaDeLazoCerrado_Planta_ControladorPID,ZN Lazo Abierto,197,0.00218965556,1.000016834,
RespuestaDeLazoCerrado_Planta_ControladorPID,ZN Lazo Abierto,198,0.002241379633,0.9999982887,
RespuestaDeLazoCerrado_Planta_ControladorPID,ZN Lazo Abierto,199,0.002293103707,0.9999901194,
RespuestaDeLazoCerrado_Planta_ControladorPID,ZN Lazo Abierto,200,0.00234482778,0.9999889593,
RespuestaDeLazoCerrado_Planta_ControladorPID,ZN Lazo Abierto,201,0.002396551853,0.9999948469,
RespuestaDeLazoCerrado_Planta_ControladorPID,ZN Lazo Abierto,202,0.002448275927,0.9999965477,
RespuestaDeLazoCerrado_Planta_ControladorPID,ZN Lazo Abierto,203,0.0025,0.9999926073,
